メーカー,型番
"ダイキン","AJT-SEP"
"ダイキン","AJT-SES"
"ダイキン","AJT-SNP"
"ダイキン","AJT-SNS"
"ダイキン","AJT-TNS"
"ダイキン","AN"
"ダイキン","ANC-HNS"
"ダイキン","ATA-SPE3"
"ダイキン","ATA-SSE3"
"ダイキン","ATC-LPE7"
"ダイキン","ATC-LSE7"
"ダイキン","ATC-RPE2"
"ダイキン","ATC-RSE2"
"ダイキン","ATC-SPE3"
"ダイキン","ATC-SSE3"
"ダイキン","ATD-EPV6"
"ダイキン","ATD-ESV6"
"ダイキン","ATE-LSE7"
"ダイキン","ATE-MPE8"
"ダイキン","ATE-MSE8"
"ダイキン","ATE-NSE9"
"ダイキン","ATE-SPE3"
"ダイキン","ATE-SSE3"
"ダイキン","ATN-HSE4"
"ダイキン","ATN-KSE6"
"ダイキン","ATP-GPE"
"ダイキン","ATP-GSE"
"ダイキン","ATR-GPE"
"ダイキン","ATR-GSE"
"ダイキン","ATR-HPE4"
"ダイキン","ATR-HSE4"
"ダイキン","ATR-JPE5"
"ダイキン","ATR-JSE5"
"ダイキン","ATR-KPE6"
"ダイキン","ATR-KSE6"
"ダイキン","ATR-LPE7"
"ダイキン","ATR-LSE7"
"ダイキン","ATR-MPE8"
"ダイキン","ATR-MSE8"
"ダイキン","ATR-NPE9"
"ダイキン","ATR-NSE9"
"ダイキン","ATR-RPE2"
"ダイキン","ATR-RSE2"
"ダイキン","ATR-SPE3"
"ダイキン","ATR-SSE3"
"ダイキン","ATS-FPE1"
"ダイキン","ATS-FSE1"
"ダイキン","ATUX-EPV6W"
"ダイキン","ATUX-ESV6W"
"ダイキン","FAP-A"
"ダイキン","FAP-AC"
"ダイキン","FAP-AL"
"ダイキン","FAP-BA"
"ダイキン","FAP-BB"
"ダイキン","FAP-CB"
"ダイキン","FAP-DA"
"ダイキン","FAP-DC"
"ダイキン","FARP-A"
"ダイキン","FARP-AL"
"ダイキン","FARP-CB"
"ダイキン","FAYJ-F"
"ダイキン","FAYJ-FA"
"ダイキン","FAYJ-FAH"
"ダイキン","FAYJ-FH"
"ダイキン","FAYJ-FHT"
"ダイキン","FAYJ-FHV"
"ダイキン","FAYJ-L"
"ダイキン","FAYJ-LH"
"ダイキン","FAYJ-LHT"
"ダイキン","FAYJ-LHV"
"ダイキン","FAYP-B"
"ダイキン","FAYP-BH"
"ダイキン","FAYP-BHT"
"ダイキン","FAYP-BHV"
"ダイキン","FAYP-G"
"ダイキン","FAYP-M"
"ダイキン","FAYP-MC"
"ダイキン","FAYP-P"
"ダイキン","FAYP-PC"
"ダイキン","FAYRP-M"
"ダイキン","FAYRP-P"
"ダイキン","FBP-AL"
"ダイキン","FBP-ALP"
"ダイキン","FBP-CB"
"ダイキン","FBP-CBP"
"ダイキン","FGEAP-K"
"ダイキン","FGEVP-K"
"ダイキン","FHBP-A"
"ダイキン","FHBP-AL"
"ダイキン","FHBP-CB"
"ダイキン","FHBP-DC"
"ダイキン","FHCP-A"
"ダイキン","FHCP-AB"
"ダイキン","FHCP-AL"
"ダイキン","FHCP-AM"
"ダイキン","FHCP-BA"
"ダイキン","FHCP-BB"
"ダイキン","FHCP-BC"
"ダイキン","FHCP-BD"
"ダイキン","FHCP-CB"
"ダイキン","FHCP-CC"
"ダイキン","FHCP-DA"
"ダイキン","FHCP-EA"
"ダイキン","FHCP-EB"
"ダイキン","FHCP-EC"
"ダイキン","FHCP-ED"
"ダイキン","FHCP-EG"
"ダイキン","FHCP-EJ"
"ダイキン","FHCXP-A"
"ダイキン","FHCXP-AM"
"ダイキン","FHCXP-D"
"ダイキン","FHGP-A"
"ダイキン","FHGP-AL"
"ダイキン","FHGP-BA"
"ダイキン","FHGP-CB"
"ダイキン","FHGP-DA"
"ダイキン","FHGP-DC"
"ダイキン","FHKP-A"
"ダイキン","FHKP-AL"
"ダイキン","FHKP-BA"
"ダイキン","FHKP-CB"
"ダイキン","FHKP-DA"
"ダイキン","FHKP-DC"
"ダイキン","FHKP-DD"
"ダイキン","FHMHP-A"
"ダイキン","FHMHP-CB"
"ダイキン","FHMHP-CC"
"ダイキン","FHMP-A"
"ダイキン","FHMP-AB"
"ダイキン","FHMP-AL"
"ダイキン","FHMP-BA"
"ダイキン","FHMP-CB"
"ダイキン","FHMP-CC"
"ダイキン","FHMP-DC"
"ダイキン","FHNP-A"
"ダイキン","FHNP-AL"
"ダイキン","FHNP-CB"
"ダイキン","FHNP-DB"
"ダイキン","FHNP-DC"
"ダイキン","FHNP-DD"
"ダイキン","FHP-A"
"ダイキン","FHP-AC"
"ダイキン","FHP-AJ"
"ダイキン","FHP-AL"
"ダイキン","FHP-BA"
"ダイキン","FHP-CB"
"ダイキン","FHP-CC"
"ダイキン","FHP-DA"
"ダイキン","FHP-DC"
"ダイキン","FHP-DD"
"ダイキン","FHP-DG"
"ダイキン","FHTP-A"
"ダイキン","FHTP-AL"
"ダイキン","FHTP-CB"
"ダイキン","FHTP-DC"
"ダイキン","FHTP-DD"
"ダイキン","FHYBJ-F"
"ダイキン","FHYCP-H"
"ダイキン","FHYCP-K"
"ダイキン","FHYMP-M"
"ダイキン","FHYMP-P"
"ダイキン","FHYP-M"
"ダイキン","FHYP-MS"
"ダイキン","FHYP-P"
"ダイキン","FNYAJ-K"
"ダイキン","FNYAJ-KC"
"ダイキン","FUP-A"
"ダイキン","FUP-AL"
"ダイキン","FUP-AR"
"ダイキン","FUP-BA"
"ダイキン","FUP-BAK"
"ダイキン","FUP-CB"
"ダイキン","FUP-CBK"
"ダイキン","FUP-DC"
"ダイキン","FUP-DCK"
"ダイキン","FUP-DD"
"ダイキン","FUP-DDK"
"ダイキン","FUYP-M"
"ダイキン","FUYP-MC"
"ダイキン","FUYP-MK"
"ダイキン","FUYP-P"
"ダイキン","FUYP-PC"
"ダイキン","FUYP-PK"
"ダイキン","FUYP-PR"
"ダイキン","FVP-A"
"ダイキン","FVP-AL"
"ダイキン","FVP-BB"
"ダイキン","FVP-CB"
"ダイキン","FVP-DC"
"ダイキン","FVYCP-B"
"ダイキン","FVYCP-M"
"ダイキン","FXUP-M"
"ダイキン","FXYAJ-K"
"ダイキン","FXYAJ-KC"
"ダイキン","FXYAP-KC"
"ダイキン","FXYAP-M"
"ダイキン","FXYAP-MA"
"ダイキン","FXYCP-M"
"ダイキン","FXYCP-MA"
"ダイキン","FXYCP-MR"
"ダイキン","FXYDP-M"
"ダイキン","FXYDP-MA"
"ダイキン","FXYEP-M"
"ダイキン","FXYFP-B"
"ダイキン","FXYFP-BA"
"ダイキン","FXYFP-MB"
"ダイキン","FXYFP-MC"
"ダイキン","FXYHP-MA"
"ダイキン","FXYHP-MAR"
"ダイキン","FXYHP-MB"
"ダイキン","FXYKP-M"
"ダイキン","FXYMP-A"
"ダイキン","FXYMP-AA"
"ダイキン","FXYMP-AB"
"ダイキン","FXYMP-AR"
"ダイキン","FXYMP-M"
"ダイキン","FXYMP-MA"
"ダイキン","FXYSP-M"
"ダイキン","FXYSP-MA"
"ダイキン","FXYTP-M"
"ダイキン","FXYTP-MA"
"ダイキン","RTJ-FT"
"ダイキン","RTJ-FV"
"ダイキン","RTJ-LT"
"ダイキン","RTJ-LV"
"ダイキン","RTYJ-FT"
"ダイキン","RTYJ-FV"
"ダイキン","RTYJ-LT"
"ダイキン","RTYJ-LV"
"ダイキン","RTZYJ-FT"
"ダイキン","RZYP-BA"
"ダイキン","RZYP-BAE"
"ダイキン","RZYP-BAH"
"ダイキン","RZYP-BAT"
"ダイキン","RZYP-BATE"
"ダイキン","RZYP-BATH"
"ダイキン","RZYP-BAV"
"ダイキン","RZYP-BAVE"
"ダイキン","RZYP-BAVH"
"ダイキン","RZYP-BB"
"ダイキン","RZYP-BBE"
"ダイキン","RZYP-M"
"ダイキン","RZYP-MT"
"ダイキン","RZYP-MV"
"ダイキン","RZYP-P"
"ダイキン","RZYP-PT"
"ダイキン","RZYP-PV"
"ダイキン","SDH-B"
"ダイキン","SSD-KA"
"ダイキン","SVYCP-B"
"ダイキン","SVYCP-D"
"ダイキン","SVYCP-DF"
"ダイキン","SVYCP-F"
"ダイキン","SVYCP-FF"
"ダイキン","SVYCP-G"
"ダイキン","SVYCP-GF"
"ダイキン","SVYCP-J"
"ダイキン","SVYCP-JF"
"ダイキン","SZVCP-D"
"ダイキン","SZVCP-F"
"ダイキン","SZVCP-G"
"ダイキン","SZVCP-J"
"ダイキン","SZVCP-MK"
"ダイキン","SZVYCP-A"
"ダイキン","SZVYCP-B"
"ダイキン","SZVYCP-D"
"ダイキン","SZVYCP-F"
"ダイキン","SZVYCP-G"
"ダイキン","SZVYCP-J"
"ダイキン","UAV-A"
"ダイキン","UAVP-B"
"三菱電機","LV--RE"
"三菱電機","LV--WRE"
"三菱電機","LV-RE"
"三菱電機","M"
"三菱電機","MBZ--17AS"
"三菱電機","MBZ--2AS"
"三菱電機","MBZ--5AS"
"三菱電機","MBZ-2AS"
"三菱電機","MFZ--2AS"
"三菱電機","MFZ--PXS"
"三菱電機","MFZ--RAS"
"三菱電機","MFZ-H-7S"
"三菱電機","MFZ-HK-17AS"
"三菱電機","MFZ-HK-5S"
"三菱電機","MFZ-K-17AS"
"三菱電機","MFZ-K-5S"
"三菱電機","MLZ--2AS"
"三菱電機","MLZ--5AS"
"三菱電機","MLZ--KXS"
"三菱電機","MLZ--PS"
"三菱電機","MLZ--RAS"
"三菱電機","MLZ-GX-17AS"
"三菱電機","MLZ-GX-2AS"
"三菱電機","MLZ-GX-5AS"
"三菱電機","MLZ-GX-JS"
"三菱電機","MLZ-GX-RAS"
"三菱電機","MLZ-GX-RS"
"三菱電機","MLZ-HW-17AS"
"三菱電機","MLZ-HW-5S"
"三菱電機","MLZ-HX-17AS"
"三菱電機","MLZ-HX-3S"
"三菱電機","MLZ-HX-5S"
"三菱電機","MLZ-M-17AS"
"三菱電機","MLZ-RX-17AS"
"三菱電機","MLZ-RX-2AS"
"三菱電機","MLZ-RX-3AS"
"三菱電機","MLZ-RX-5AS"
"三菱電機","MLZ-RX-JS"
"三菱電機","MLZ-RX-RAS"
"三菱電機","MLZ-RX-RS"
"三菱電機","MLZ-W-17AS"
"三菱電機","MLZ-W-2AS"
"三菱電機","MLZ-W-3AS"
"三菱電機","MLZ-W-5AS"
"三菱電機","MLZ-W-GS"
"三菱電機","MLZ-W-PS"
"三菱電機","MLZ-W-RAS"
"三菱電機","MPC-RP-BA2"
"三菱電機","MPC-RP-CA2"
"三菱電機","MPC-RP-GA2"
"三菱電機","MPC-RP-HA2"
"三菱電機","MPC-RP-SGAH2"
"三菱電機","MPE-RP-BA2"
"三菱電機","MPF-RP-BA2"
"三菱電機","MPK-RP-FA2"
"三菱電機","MPK-RP-FAH2"
"三菱電機","MPK-RP-FAL2"
"三菱電機","MPK-RP-GA2"
"三菱電機","MPK-RP-KA3"
"三菱電機","MPK-RP-SGAH2"
"三菱電機","MPKH-RP-KAL3"
"三菱電機","MPKZ-RP-FA2"
"三菱電機","MPKZ-RP-GA2"
"三菱電機","MPKH-RP-KAL3"
"三菱電機","MPL-RP-AA2"
"三菱電機","MPL-RP-JA2"
"三菱電機","MPL-RP-PA2"
"三菱電機","MPL-RP-SAAH2"
"三菱電機","MPL-RP-SPAH2"
"三菱電機","MPLZ-RP-AA2"
"三菱電機","MPLZ-RP-BA2"
"三菱電機","MPLZ-RP-JA2"
"三菱電機","MPLZ-RP-AA2"
"三菱電機","MPLZ-RP-BA2"
"三菱電機","MPLZ-RP-JA2"
"三菱電機","MPM-RP-EA2"
"三菱電機","MPS-RP-GA2"
"三菱電機","MPS-RP-SGAH2"
"三菱電機","MSY--R"
"三菱電機","MSY--RS"
"三菱電機","MSZ--16B"
"三菱電機","MSZ--16BS"
"三菱電機","MSZ--17BXAS"
"三菱電機","MSZ--18B"
"三菱電機","MSZ--18BS"
"三菱電機","MSZ--19B"
"三菱電機","MSZ--20BY"
"三菱電機","MSZ--20BYS"
"三菱電機","MSZ--27XS"
"三菱電機","MSZ--2BXAS"
"三菱電機","MSZ--2GXAS"
"三菱電機","MSZ--2MXAS"
"三菱電機","MSZ--2ZXAS"
"三菱電機","MSZ--4B"
"三菱電機","MSZ--4BS"
"三菱電機","MSZ--5B"
"三菱電機","MSZ--5BS"
"三菱電機","MSZ--5BXAS"
"三菱電機","MSZ--9BXAS"
"三菱電機","MSZ--GXS"
"三菱電機","MSZ--HB"
"三菱電機","MSZ--JB"
"三菱電機","MSZ--KB"
"三菱電機","MSZ--PB"
"三菱電機","MSZ--PBS"
"三菱電機","MSZ--PXS"
"三菱電機","MSZ--RB"
"三菱電機","MSZ--RBS"
"三菱電機","MSZ--RXAS"
"三菱電機","MSZ--SXAS"
"三菱電機","MSZ--TB"
"三菱電機","MSZ--TBS"
"三菱電機","MSZ--WB"
"三菱電機","MSZ--WBS"
"三菱電機","MSZ-19BS"
"三菱電機","MSZ-AX-H"
"三菱電機","MSZ-AX-HS"
"三菱電機","MSZ-AXV-0"
"三菱電機","MSZ-AXV-0S"
"三菱電機","MSZ-AXV-16"
"三菱電機","MSZ-AXV-16S"
"三菱電機","MSZ-AXV-17"
"三菱電機","MSZ-AXV-17S"
"三菱電機","MSZ-AXV-18"
"三菱電機","MSZ-AXV-18S"
"三菱電機","MSZ-AXV-19"
"三菱電機","MSZ-AXV-19S"
"三菱電機","MSZ-AXV-2"
"三菱電機","MSZ-AXV-20"
"三菱電機","MSZ-AXV-20S"
"三菱電機","MSZ-AXV-2S"
"三菱電機","MSZ-AXV-4"
"三菱電機","MSZ-AXV-4S"
"三菱電機","MSZ-AXV-5"
"三菱電機","MSZ-AXV-5S"
"三菱電機","MSZ-AXV-7"
"三菱電機","MSZ-AXV-7S"
"三菱電機","MSZ-AXV-8"
"三菱電機","MSZ-AXV-8S"
"三菱電機","MSZ-AXV-9"
"三菱電機","MSZ-AXV-9S"
"三菱電機","MSZ-AXV-H"
"三菱電機","MSZ-AXV-HS"
"三菱電機","MSZ-AXV-R"
"三菱電機","MSZ-AXV-RJS"
"三菱電機","MSZ-AXV-RS"
"三菱電機","MSZ-AXV-T"
"三菱電機","MSZ-AXV-TS"
"三菱電機","MSZ-BXV-0"
"三菱電機","MSZ-BXV-0S"
"三菱電機","MSZ-BXV-16"
"三菱電機","MSZ-BXV-16S"
"三菱電機","MSZ-BXV-17"
"三菱電機","MSZ-BXV-17S"
"三菱電機","MSZ-BXV-18"
"三菱電機","MSZ-BXV-18S"
"三菱電機","MSZ-BXV-19"
"三菱電機","MSZ-BXV-19S"
"三菱電機","MSZ-BXV-20"
"三菱電機","MSZ-BXV-20S"
"三菱電機","MSZ-BXV-4"
"三菱電機","MSZ-BXV-4S"
"三菱電機","MSZ-BXV-5"
"三菱電機","MSZ-BXV-5S"
"三菱電機","MSZ-BXV-8"
"三菱電機","MSZ-BXV-8S"
"三菱電機","MSZ-BXV-9"
"三菱電機","MSZ-BXV-9S"
"三菱電機","MSZ-BXV-G"
"三菱電機","MSZ-CS-R"
"三菱電機","MSZ-CS-RS"
"三菱電機","MSZ-CS-T"
"三菱電機","MSZ-CS-TS"
"三菱電機","MSZ-CV-R"
"三菱電機","MSZ-CX-8"
"三菱電機","MSZ-CX-G"
"三菱電機","MSZ-CX-H"
"三菱電機","MSZ-CX-J"
"三菱電機","MSZ-DJ-T"
"三菱電機","MSZ-DS-R"
"三菱電機","MSZ-DS-RS"
"三菱電機","MSZ-DX-J"
"三菱電機","MSZ-DX-JS"
"三菱電機","MSZ-DXV-GXS"
"三菱電機","MSZ-DXV-GXSP"
"三菱電機","MSZ-E-3"
"三菱電機","MSZ-E-3S"
"三菱電機","MSZ-EM-E2"
"三菱電機","MSZ-EM-E2S"
"三菱電機","MSZ-EX-18E6"
"三菱電機","MSZ-EX-18E6S"
"三菱電機","MSZ-EX-E1"
"三菱電機","MSZ-EX-E1S"
"三菱電機","MSZ-EX-E2"
"三菱電機","MSZ-EX-E2S"
"三菱電機","MSZ-EX-E3"
"三菱電機","MSZ-EX-E3S"
"三菱電機","MSZ-EX-E8"
"三菱電機","MSZ-EX-E8S"
"三菱電機","MSZ-EX-E9"
"三菱電機","MSZ-EX-E9S"
"三菱電機","MSZ-F-4"
"三菱電機","MSZ-FD-17S"
"三菱電機","MSZ-FD-18S"
"三菱電機","MSZ-FD-19S"
"三菱電機","MSZ-FD-20S"
"三菱電機","MSZ-FL-16"
"三菱電機","MSZ-FL-16S"
"三菱電機","MSZ-FL-18"
"三菱電機","MSZ-FL-18S"
"三菱電機","MSZ-FLV-16"
"三菱電機","MSZ-FLV-16S"
"三菱電機","MSZ-FLV-18"
"三菱電機","MSZ-FLV-18S"
"三菱電機","MSZ-FX-5"
"三菱電機","MSZ-FX-5S"
"三菱電機","MSZ-FX-6"
"三菱電機","MSZ-FX-6S"
"三菱電機","MSZ-FX-7"
"三菱電機","MSZ-FX-7S"
"三菱電機","MSZ-FX-G"
"三菱電機","MSZ-FX-GS"
"三菱電機","MSZ-FZ-16S"
"三菱電機","MSZ-FZ-17S"
"三菱電機","MSZ-FZ-18S"
"三菱電機","MSZ-FZ-19S"
"三菱電機","MSZ-FZV-16S"
"三菱電機","MSZ-FZV-17S"
"三菱電機","MSZ-FZV-19S"
"三菱電機","MSZ-G-G"
"三菱電機","MSZ-G-H"
"三菱電機","MSZ-G-J"
"三菱電機","MSZ-GE-16"
"三菱電機","MSZ-GE-16S"
"三菱電機","MSZ-GE-17"
"三菱電機","MSZ-GE-17S"
"三菱電機","MSZ-GE-18"
"三菱電機","MSZ-GE-18S"
"三菱電機","MSZ-GE-19"
"三菱電機","MSZ-GE-19S"
"三菱電機","MSZ-GE-20"
"三菱電機","MSZ-GE-20S"
"三菱電機","MSZ-GE-5"
"三菱電機","MSZ-GE-5S"
"三菱電機","MSZ-GM-0"
"三菱電機","MSZ-GM-1"
"三菱電機","MSZ-GM-1S"
"三菱電機","MSZ-GM-2"
"三菱電機","MSZ-GM-2S"
"三菱電機","MSZ-GM-4"
"三菱電機","MSZ-GM-4S"
"三菱電機","MSZ-GR-0"
"三菱電機","MSZ-GR-0S"
"三菱電機","MSZ-GS-9"
"三菱電機","MSZ-GS-9S"
"三菱電機","MSZ-GW-0"
"三菱電機","MSZ-GW-0S"
"三菱電機","MSZ-GW-8"
"三菱電機","MSZ-GW-8S"
"三菱電機","MSZ-GW-9"
"三菱電機","MSZ-GW-9S"
"三菱電機","MSZ-HD-2"
"三菱電機","MSZ-HD-2S"
"三菱電機","MSZ-HM-1"
"三菱電機","MSZ-HM-1S"
"三菱電機","MSZ-HM-2"
"三菱電機","MSZ-HM-2S"
"三菱電機","MSZ-HS-1"
"三菱電機","MSZ-HS-1S"
"三菱電機","MSZ-HS-2"
"三菱電機","MSZ-HS-2S"
"三菱電機","MSZ-HS-3"
"三菱電機","MSZ-HS-3S"
"三菱電機","MSZ-HW-1"
"三菱電機","MSZ-HW-1S"
"三菱電機","MSZ-HW-2"
"三菱電機","MSZ-HW-2S"
"三菱電機","MSZ-HW-3"
"三菱電機","MSZ-HW-3S"
"三菱電機","MSZ-HX-J"
"三菱電機","MSZ-HX-JS"
"三菱電機","MSZ-HXV-16"
"三菱電機","MSZ-HXV-16S"
"三菱電機","MSZ-HXV-17"
"三菱電機","MSZ-HXV-17S"
"三菱電機","MSZ-HXV-18"
"三菱電機","MSZ-HXV-18S"
"三菱電機","MSZ-HXV-19"
"三菱電機","MSZ-HXV-19S"
"三菱電機","MSZ-HXV-20"
"三菱電機","MSZ-HXV-20S"
"三菱電機","MSZ-HXV-4"
"三菱電機","MSZ-HXV-4S"
"三菱電機","MSZ-HXV-5"
"三菱電機","MSZ-HXV-5S"
"三菱電機","MSZ-HXV-7S"
"三菱電機","MSZ-HXV-9"
"三菱電機","MSZ-HXV-9S"
"三菱電機","MSZ-J-7"
"三菱電機","MSZ-J-7S"
"三菱電機","MSZ-J-8"
"三菱電機","MSZ-J-8S"
"三菱電機","MSZ-J-9"
"三菱電機","MSZ-J-9S"
"三菱電機","MSZ-J-L"
"三菱電機","MSZ-J-LS"
"三菱電機","MSZ-J-P"
"三菱電機","MSZ-J-PS"
"三菱電機","MSZ-J-R"
"三菱電機","MSZ-J-RS"
"三菱電機","MSZ-J-T"
"三菱電機","MSZ-J-TS"
"三菱電機","MSZ-JX-J"
"三菱電機","MSZ-JXV-19"
"三菱電機","MSZ-JXV-19S"
"三菱電機","MSZ-JXV-20"
"三菱電機","MSZ-JXV-20S"
"三菱電機","MSZ-JXV-4"
"三菱電機","MSZ-JXV-4S"
"三菱電機","MSZ-JXV-7"
"三菱電機","MSZ-JXV-7S"
"三菱電機","MSZ-JXV-8"
"三菱電機","MSZ-JXV-8S"
"三菱電機","MSZ-JXV-9"
"三菱電機","MSZ-JXV-9S"
"三菱電機","MSZ-JXV-R"
"三菱電機","MSZ-JXV-RS"
"三菱電機","MSZ-JXV-T"
"三菱電機","MSZ-JXV-TS"
"三菱電機","MSZ-KS-G"
"三菱電機","MSZ-KS-H"
"三菱電機","MSZ-KS-J"
"三菱電機","MSZ-KS-K"
"三菱電機","MSZ-L-16"
"三菱電機","MSZ-L-16S"
"三菱電機","MSZ-L-17"
"三菱電機","MSZ-L-17S"
"三菱電機","MSZ-L-18"
"三菱電機","MSZ-L-18S"
"三菱電機","MSZ-L-5"
"三菱電機","MSZ-L-5S"
"三菱電機","MSZ-LK-16"
"三菱電機","MSZ-LK-16S"
"三菱電機","MSZ-LW-7S"
"三菱電機","MSZ-LX-0"
"三菱電機","MSZ-LX-0S"
"三菱電機","MSZ-LX-GS"
"三菱電機","MSZ-LX-HS"
"三菱電機","MSZ-LX-JS"
"三菱電機","MSZ-LXV-7S"
"三菱電機","MSZ-LXV-GS"
"三菱電機","MSZ-LXV-HS"
"三菱電機","MSZ-NXV-19"
"三菱電機","MSZ-NXV-19S"
"三菱電機","MSZ-NXV-20"
"三菱電機","MSZ-NXV-20S"
"三菱電機","MSZ-P-5"
"三菱電機","MSZ-P-5S"
"三菱電機","MSZ-PXV-K"
"三菱電機","MSZ-PXV-KS"
"三菱電機","MSZ-PXV-P"
"三菱電機","MSZ-PXV-PS"
"三菱電機","MSZ-R-19"
"三菱電機","MSZ-R-19S"
"三菱電機","MSZ-R-20"
"三菱電機","MSZ-R-20S"
"三菱電機","MSZ-RK-19"
"三菱電機","MSZ-RK-19S"
"三菱電機","MSZ-RX-J"
"三菱電機","MSZ-RXV-H"
"三菱電機","MSZ-RXV-HS"
"三菱電機","MSZ-RXV-R"
"三菱電機","MSZ-RXV-RJS"
"三菱電機","MSZ-RXV-RS"
"三菱電機","MSZ-RXV-T"
"三菱電機","MSZ-RXV-TS"
"三菱電機","MSZ-S-19"
"三菱電機","MSZ-S-19S"
"三菱電機","MSZ-S-20"
"三菱電機","MSZ-S-20S"
"三菱電機","MSZ-SFX-G"
"三菱電機","MSZ-SFX-GS"
"三菱電機","MSZ-SFX-H"
"三菱電機","MSZ-SFX-HS"
"三菱電機","MSZ-SJ-7"
"三菱電機","MSZ-SJ-7S"
"三菱電機","MSZ-SJ-R"
"三菱電機","MSZ-SJ-RS"
"三菱電機","MSZ-SJ-T"
"三菱電機","MSZ-SJ-TS"
"三菱電機","MSZ-SK-19"
"三菱電機","MSZ-SK-19S"
"三菱電機","MSZ-SS-8"
"三菱電機","MSZ-SS-8S"
"三菱電機","MSZ-SV-7"
"三菱電機","MSZ-SV-7S"
"三菱電機","MSZ-SV-8"
"三菱電機","MSZ-SV-8S"
"三菱電機","MSZ-SV-9"
"三菱電機","MSZ-SV-9S"
"三菱電機","MSZ-SV-R"
"三菱電機","MSZ-SV-RS"
"三菱電機","MSZ-SV-T"
"三菱電機","MSZ-SV-TS"
"三菱電機","MSZ-SW-7"
"三菱電機","MSZ-SW-7S"
"三菱電機","MSZ-VS-G"
"三菱電機","MSZ-VS-GS"
"三菱電機","MSZ-VS-H"
"三菱電機","MSZ-VS-HS"
"三菱電機","MSZ-VS-J"
"三菱電機","MSZ-VS-JS"
"三菱電機","MSZ-VS-K"
"三菱電機","MSZ-VS-KS"
"三菱電機","MSZ-VX-AXAS"
"三菱電機","MSZ-VX-G"
"三菱電機","MSZ-VX-GD"
"三菱電機","MSZ-VX-GS"
"三菱電機","MSZ-VX-H"
"三菱電機","MSZ-VX-HD"
"三菱電機","MSZ-VX-HS"
"三菱電機","MSZ-VX-J"
"三菱電機","MSZ-VX-JD"
"三菱電機","MSZ-VX-JS"
"三菱電機","MSZ-VX-K"
"三菱電機","MSZ-VX-KD"
"三菱電機","MSZ-VX-KS"
"三菱電機","MSZ-VX-KXS"
"三菱電機","MSZ-VX-PXS"
"三菱電機","MSZ-VXV-19S"
"三菱電機","MSZ-VXV-20S"
"三菱電機","MSZ-W-L"
"三菱電機","MSZ-W-LS"
"三菱電機","MSZ-W-P"
"三菱電機","MSZ-W-PS"
"三菱電機","MSZ-WR-P"
"三菱電機","MSZ-WR-PS"
"三菱電機","MSZ-WX-FXS"
"三菱電機","MSZ-WX-J"
"三菱電機","MSZ-WX-JS"
"三菱電機","MSZ-WXV-J"
"三菱電機","MSZ-WXV-JS"
"三菱電機","MSZ-X-16"
"三菱電機","MSZ-X-16S"
"三菱電機","MSZ-X-17"
"三菱電機","MSZ-X-17S"
"三菱電機","MSZ-X-18"
"三菱電機","MSZ-X-18S"
"三菱電機","MSZ-X-19"
"三菱電機","MSZ-X-19S"
"三菱電機","MSZ-X-20"
"三菱電機","MSZ-X-20S"
"三菱電機","MSZ-X-5"
"三菱電機","MSZ-X-5S"
"三菱電機","MSZ-XD-16"
"三菱電機","MSZ-XD-16S"
"三菱電機","MSZ-XD-17"
"三菱電機","MSZ-XD-17S"
"三菱電機","MSZ-XD-18"
"三菱電機","MSZ-XD-18S"
"三菱電機","MSZ-XD-19"
"三菱電機","MSZ-XD-19S"
"三菱電機","MSZ-XD-20"
"三菱電機","MSZ-XD-20S"
"三菱電機","MSZ-XD-21"
"三菱電機","MSZ-XD-21S"
"三菱電機","MSZ-XD-4"
"三菱電機","MSZ-XD-4S"
"三菱電機","MSZ-XD-5"
"三菱電機","MSZ-XD-5S"
"三菱電機","MSZ-XK-19"
"三菱電機","MSZ-XK-19S"
"三菱電機","MSZ-Z-L"
"三菱電機","MSZ-Z-LH"
"三菱電機","MSZ-Z-LHS"
"三菱電機","MSZ-Z-LS"
"三菱電機","MSZ-Z-P"
"三菱電機","MSZ-Z-PS"
"三菱電機","MSZ-Z-R"
"三菱電機","MSZ-Z-RS"
"三菱電機","MSZ-ZD-16"
"三菱電機","MSZ-ZD-16S"
"三菱電機","MSZ-ZD-17"
"三菱電機","MSZ-ZD-17S"
"三菱電機","MSZ-ZD-18"
"三菱電機","MSZ-ZD-18S"
"三菱電機","MSZ-ZD-19"
"三菱電機","MSZ-ZD-19S"
"三菱電機","MSZ-ZD-20"
"三菱電機","MSZ-ZD-20S"
"三菱電機","MSZ-ZD-4"
"三菱電機","MSZ-ZD-4S"
"三菱電機","MSZ-ZD-5"
"三菱電機","MSZ-ZD-5S"
"三菱電機","MSZ-ZR-P"
"三菱電機","MSZ-ZR-PS"
"三菱電機","MSZ-ZS-P"
"三菱電機","MSZ-ZS-PS"
"三菱電機","MSZ-ZS-T"
"三菱電機","MSZ-ZS-TS"
"三菱電機","MTZ--17AS"
"三菱電機","MTZ--2AS"
"三菱電機","MTZ--5AS"
"三菱電機","PC-J-GA9G"
"三菱電機","PC-J-GA9G2"
"三菱電機","PC-J-GA9G9"
"三菱電機","PC-J-SGA9"
"三菱電機","PC-J-SGA9G9"
"三菱電機","PC-P-GA"
"三菱電機","PC-P-GAH"
"三菱電機","PC-P-HA2"
"三菱電機","PC-RP-HA11"
"三菱電機","PC-RP-HA5"
"三菱電機","PC-RP-KA5"
"三菱電機","PC-RP-KAL5"
"三菱電機","PCA-J-GAH9"
"三菱電機","PCA-J-SGAH9"
"三菱電機","PCH-J-GA9G9"
"三菱電機","PCH-J-GAH9G9"
"三菱電機","PCH-J-SGA9G9"
"三菱電機","PCH-J-SGAH9G9"
"三菱電機","PDFY-J-M-A1"
"三菱電機","PDFY-P-GMG3"
"三菱電機","PDFY-P-GMG4"
"三菱電機","PDFY-P-GMG5"
"三菱電機","PDFY-P-M-G"
"三菱電機","PDFY-P-MG"
"三菱電機","PEFY-J-M-B1"
"三菱電機","PEFY-P-M-G"
"三菱電機","PEFY-P-MG"
"三菱電機","PEFY-P-MG3"
"三菱電機","PEFY-P-MG3-F"
"三菱電機","PEFY-P-MG3-J"
"三菱電機","PEFY-P-MG4"
"三菱電機","PEFY-P-MG4-F"
"三菱電機","PEFY-P-MG4-J"
"三菱電機","PEFY-P-MG5"
"三菱電機","PEFY-P-MG5-F"
"三菱電機","PEFY-P-MG5-J"
"三菱電機","PEFY-P-SM-G"
"三菱電機","PEFY-P-SMG"
"三菱電機","PEFY-P-SMG3"
"三菱電機","PEFY-P-SMG4"
"三菱電機","PEFY-P-SMG5"
"三菱電機","PFFY-J-DM-A"
"三菱電機","PFFY-J-DM-A1"
"三菱電機","PFFY-J-LEM-A1"
"三菱電機","PFFY-J-LRM-A1"
"三菱電機","PFFY-J-RM-A1"
"三菱電機","PFFY-P-DM-G"
"三菱電機","PFFY-P-DMG"
"三菱電機","PFFY-P-DMG3"
"三菱電機","PFFY-P-DMG4"
"三菱電機","PFFY-P-DMG5"
"三菱電機","PFFY-P-LEM-G"
"三菱電機","PFFY-P-LEMG"
"三菱電機","PFFY-P-LEMG3"
"三菱電機","PFFY-P-LEMG4"
"三菱電機","PFFY-P-LEMG5"
"三菱電機","PFFY-P-LRM-G"
"三菱電機","PFFY-P-LRMG"
"三菱電機","PFFY-P-LRMG3"
"三菱電機","PFFY-P-LRMG4"
"三菱電機","PFFY-P-LRMG5"
"三菱電機","PFFY-P-RM-G"
"三菱電機","PFFY-P-RMG"
"三菱電機","PFFY-P-RMG3"
"三菱電機","PFFY-P-RMG3-F"
"三菱電機","PFFY-P-RMG4"
"三菱電機","PFFY-P-RMG4-F"
"三菱電機","PFFY-P-RMG5"
"三菱電機","PFFY-P-RMG5-F"
"三菱電機","PK-P-FA"
"三菱電機","PK-P-GA"
"三菱電機","PK-RP-KA12"
"三菱電機","PKA-J-FA9"
"三菱電機","PL-ERP-BA5"
"三菱電機","PL-ERP-EA3"
"三菱電機","PL-RP-BA5"
"三菱電機","PL-RP-JA10"
"三菱電機","PL-RP-JA5"
"三菱電機","PL-ZRP-BA5"
"三菱電機","PL-ZRP-EA3"
"三菱電機","PLA-J-0KA"
"三菱電機","PLA-J-2KA"
"三菱電機","PLA-J-5KA"
"三菱電機","PLA-J-AA"
"三菱電機","PLA-J-JA"
"三菱電機","PLA-J-JA7"
"三菱電機","PLA-J-JA8"
"三菱電機","PLA-J-JA9"
"三菱電機","PLA-J-KA"
"三菱電機","PLA-J-KA8"
"三菱電機","PLA-J-SJA"
"三菱電機","PLFY-J-LMD-B1"
"三菱電機","PLFY-P-LM-G"
"三菱電機","PLFY-P-LMG"
"三菱電機","PLFY-P-LMG3"
"三菱電機","PLFY-P-LMG4"
"三菱電機","PLFY-P-LMG5"
"三菱電機","PLZ-P-AA"
"三菱電機","PLZ-P-AA2"
"三菱電機","PM-HRP-FA10"
"三菱電機","PM-HRP-FA5"
"三菱電機","PM-P-EA"
"三菱電機","PM-RP-FA10"
"三菱電機","PM-RP-FA5"
"三菱電機","PS-P-GA"
"三菱電機","PS-P-GAH"
"三菱電機","PS-RP-KA6"
"三菱電機","PC-J-GA9G"
"三菱電機","PC-J-GA9G2"
"三菱電機","PC-J-GA9G9"
"三菱電機","PC-J-SGA9"
"三菱電機","PC-J-SGA9G9"
"三菱電機","PC-P-GA"
"三菱電機","PC-P-GAH"
"三菱電機","PC-P-HA2"
"三菱電機","PC-RP-HA11"
"三菱電機","PC-RP-HA5"
"三菱電機","PC-RP-KA5"
"三菱電機","PC-RP-KAL5"
"三菱電機","PCA-J-GAH9"
"三菱電機","PCA-J-SGAH9"
"三菱電機","PCH-J-GA9G9"
"三菱電機","PCH-J-GAH9G9"
"三菱電機","PCH-J-SGA9G9"
"三菱電機","PCH-J-SGAH9G9"
"三菱電機","PCA-J-GAH9"
"三菱電機","PCA-J-SGAH9"
"三菱電機","PCH-J-GA9G9"
"三菱電機","PCH-J-GAH9G9"
"三菱電機","PCH-J-SGA9G9"
"三菱電機","PCH-J-SGAH9G9"
"三菱電機","PDFY-J-M-A1"
"三菱電機","PDFY-P-GMG3"
"三菱電機","PDFY-P-GMG4"
"三菱電機","PDFY-P-GMG5"
"三菱電機","PDFY-P-M-G"
"三菱電機","PDFY-P-MG"
"三菱電機","PEFY-J-M-B1"
"三菱電機","PEFY-P-M-G"
"三菱電機","PEFY-P-MG"
"三菱電機","PEFY-P-MG3"
"三菱電機","PEFY-P-MG3-F"
"三菱電機","PEFY-P-MG3-J"
"三菱電機","PEFY-P-MG4"
"三菱電機","PEFY-P-MG4-F"
"三菱電機","PEFY-P-MG4-J"
"三菱電機","PEFY-P-MG5"
"三菱電機","PEFY-P-MG5-F"
"三菱電機","PEFY-P-MG5-J"
"三菱電機","PEFY-P-SM-G"
"三菱電機","PEFY-P-SMG"
"三菱電機","PEFY-P-SMG3"
"三菱電機","PEFY-P-SMG4"
"三菱電機","PEFY-P-SMG5"
"三菱電機","PFFY-J-DM-A"
"三菱電機","PFFY-J-DM-A1"
"三菱電機","PFFY-J-LEM-A1"
"三菱電機","PFFY-J-LRM-A1"
"三菱電機","PFFY-J-RM-A1"
"三菱電機","PFFY-P-DM-G"
"三菱電機","PFFY-P-DMG"
"三菱電機","PFFY-P-DMG3"
"三菱電機","PFFY-P-DMG4"
"三菱電機","PFFY-P-DMG5"
"三菱電機","PFFY-P-LEM-G"
"三菱電機","PFFY-P-LEMG"
"三菱電機","PFFY-P-LEMG3"
"三菱電機","PFFY-P-LEMG4"
"三菱電機","PFFY-P-LEMG5"
"三菱電機","PFFY-P-LRM-G"
"三菱電機","PFFY-P-LRMG"
"三菱電機","PFFY-P-LRMG3"
"三菱電機","PFFY-P-LRMG4"
"三菱電機","PFFY-P-LRMG5"
"三菱電機","PFFY-P-RM-G"
"三菱電機","PFFY-P-RMG"
"三菱電機","PFFY-P-RMG3"
"三菱電機","PFFY-P-RMG3-F"
"三菱電機","PFFY-P-RMG4"
"三菱電機","PFFY-P-RMG4-F"
"三菱電機","PFFY-P-RMG5"
"三菱電機","PFFY-P-RMG5-F"
"三菱電機","PK-P-FA"
"三菱電機","PK-P-GA"
"三菱電機","PK-RP-KA12"
"三菱電機","PKA-J-FA9"
"三菱電機","PKA-J-FA9"
"三菱電機","PL-ERP-BA5"
"三菱電機","PL-ERP-EA3"
"三菱電機","PL-RP-BA5"
"三菱電機","PL-RP-JA10"
"三菱電機","PL-RP-JA5"
"三菱電機","PL-ZRP-BA5"
"三菱電機","PL-ZRP-EA3"
"三菱電機","PLA-J-0KA"
"三菱電機","PLA-J-2KA"
"三菱電機","PLA-J-5KA"
"三菱電機","PLA-J-AA"
"三菱電機","PLA-J-JA"
"三菱電機","PLA-J-JA7"
"三菱電機","PLA-J-JA8"
"三菱電機","PLA-J-JA9"
"三菱電機","PLA-J-KA"
"三菱電機","PLA-J-KA8"
"三菱電機","PLA-J-SJA"
"三菱電機","PLFY-J-LMD-B1"
"三菱電機","PLFY-P-LM-G"
"三菱電機","PLFY-P-LMG"
"三菱電機","PLFY-P-LMG3"
"三菱電機","PLFY-P-LMG4"
"三菱電機","PLFY-P-LMG5"
"三菱電機","PLZ-P-AA"
"三菱電機","PLZ-P-AA2"
"三菱電機","PLA-J-0KA"
"三菱電機","PLA-J-2KA"
"三菱電機","PLA-J-5KA"
"三菱電機","PLA-J-AA"
"三菱電機","PLA-J-JA"
"三菱電機","PLA-J-JA7"
"三菱電機","PLA-J-JA8"
"三菱電機","PLA-J-JA9"
"三菱電機","PLA-J-KA"
"三菱電機","PLA-J-KA8"
"三菱電機","PLA-J-SJA"
"三菱電機","PLFY-J-LMD-B1"
"三菱電機","PLFY-P-LM-G"
"三菱電機","PLFY-P-LMG"
"三菱電機","PLFY-P-LMG3"
"三菱電機","PLFY-P-LMG4"
"三菱電機","PLFY-P-LMG5"
"三菱電機","PLZ-P-AA"
"三菱電機","PLZ-P-AA2"
"三菱電機","PM-HRP-FA10"
"三菱電機","PM-HRP-FA5"
"三菱電機","PM-P-EA"
"三菱電機","PM-RP-FA10"
"三菱電機","PM-RP-FA5"
"三菱電機","PS-P-GA"
"三菱電機","PS-P-GAH"
"三菱電機","PS-RP-KA6"
"三菱電機","VW--E2"
"三菱電機","VW--RE"
"三菱電機","VW--WE2"
"三菱電機","VW--WRE"
"三菱電機","VW-WRE"
"三菱電機","VW--E2"
"三菱電機","VW--RE"
"三菱電機","VW--WE2"
"三菱電機","VW--WRE"
"三菱電機","VW-WRE"
"日立","RAF--A"
"日立","RAF--A2"
"日立","RAF--Z"
"日立","RAF--Z2"
"日立","RAF-D-C"
"日立","RAF-D-C2"
"日立","RAF-D-F"
"日立","RAF-D-F2"
"日立","RAJ--D2"
"日立","RAM-A-AS"
"日立","RAM-A-ASH"
"日立","RAM-A-CS"
"日立","RAM-A-CSH"
"日立","RAM-E-AS"
"日立","RAM-E-ASH"
"日立","RAM-E-CS"
"日立","RAM-E-CSH"
"日立","RAMD--CS"
"日立","RAMF--CS"
"日立","RAMJ--CS"
"日立","RAMP--AS"
"日立","RAMP--ASH"
"日立","RAMP--CS"
"日立","RAMP--CSH"
"日立","RAMP--DAS"
"日立","RAMP--DASH"
"日立","RAMP--DCS"
"日立","RAMP--DCSH"
"日立","RAMP--SAS"
"日立","RAMP--SCS"
"日立","RAMD--CS"
"日立","RAMF--CS"
"日立","RAMJ--CS"
"日立","RAMP--AS"
"日立","RAMP--ASH"
"日立","RAMP--CS"
"日立","RAMP--CSH"
"日立","RAMP--DAS"
"日立","RAMP--DASH"
"日立","RAMP--DCS"
"日立","RAMP--DCSH"
"日立","RAMP--SAS"
"日立","RAMP--SCS"
"日立","RAP--C2"
"日立","RAP--DC2"
"日立","RAP--DZ2"
"日立","RAP--SC2"
"日立","RAP--SZ2"
"日立","RAP--Z2"
"日立","RAP-K-J2"
"日立","RCI-AP-K4"
"日立","RCI-J-K1"
"日立","RCI-J-KT1"
"日立","RCI-J-KTJ1"
"日立","RCI-P-K"
"日立","RCI-P-KT"
"日立","RCI-P-KTJ"
"日立","RCID-AP-K"
"日立","RCID-AP-KT"
"日立","RCID-AP-KTJ"
"東芝","AIC-AP-0PH"
"東芝","AIC-AP-2H"
"東芝","AIC-AP-2HR"
"東芝","AIC-AP-2HRJ"
"東芝","AIC-AP-4H"
"東芝","AIC-AP-4HR"
"東芝","AIC-AP-4HRJ"
"東芝","AIC-AP-5PH"
"東芝","AIC-AP-8H"
"東芝","AIC-P-0PH"
"東芝","AIC-P-2H"
"東芝","AIC-P-2HR"
"東芝","AIC-P-2HRJ"
"東芝","AID-AP-1H"
"東芝","AID-AP-5BH"
"東芝","AID-AP-5H"
"東芝","AID-P-1H"
"東芝","AIF-AP-2H"
"東芝","AIF-AP-2H-1"
"東芝","AIF-AP-5H"
"東芝","AIF-AP-5H-1"
"東芝","AIK-AP-1H"
"東芝","AIK-AP-3H"
"東芝","AIK-AP-5H"
"東芝","AIK-AP-6H"
"東芝","AIL-AP-2H"
"東芝","AIL-AP-5H"
"東芝","AIU-AP-1H"
"東芝","AIU-AP-1HR"
"東芝","AIU-AP-1HRJ"
"東芝","AIU-AP-1WH"
"東芝","AIU-AP-1WHR"
"東芝","AIU-AP-1WHRJ"
"東芝","AIU-AP-2SH"
"東芝","AIU-AP-2SHR"
"東芝","AIU-AP-2SHRJ"
"東芝","AIU-AP-3WH"
"東芝","AIU-AP-3WHR"
"東芝","AIU-AP-3WHRJ"
"東芝","AIU-AP-5H"
"東芝","AIU-AP-5SH"
"東芝","AIU-AP-5WH"
"東芝","AIU-AP-7H"
"東芝","AIU-P-1H"
"東芝","AIU-P-1HR"
"東芝","AIU-P-1HRJ"
"東芝","AIU-P-1WH"
"東芝","AIU-P-1WHR"
"東芝","AIU-P-1WHRJ"
"東芝","AIU-RP-1H"
"東芝","HAS-M-2FR2"
"東芝","MCY-MAP-1H"
"東芝","MCY-MAP-1HN"
"東芝","MCY-MAP-1HNZ"
"東芝","MCY-MAP-1HNZG"
"東芝","MCY-MAP-1HZ"
"東芝","MCY-MAP-1HZG"
"東芝","MMY-MAP-5F"
"東芝","MMY-MAP-5FZ"
"東芝","MMY-MAP-5FZG"
"東芝","MMY-MAP-5H"
"東芝","MMY-MAP-5HR"
"東芝","MMY-MAP-5HRZ"
"東芝","MMY-MAP-5HRZG"
"東芝","MMY-MAP-5HZ"
"東芝","MMY-MAP-5HZG"
"東芝","MMY-MAP-6H"
"東芝","MMY-MAP-6HR"
"東芝","MMY-MAP-6HRZ"
"東芝","MMY-MAP-6HRZG"
"東芝","MMY-MAP-6HZ"
"東芝","MMY-MAP-6HZG"
"東芝","ROA-AP-7H"
"東芝","ROA-AP-7HJ"
"東芝","VNC-0MS"
"シャープ","AC--4FD"
"シャープ","AC--4FD2"
"シャープ","AC--4FE"
"シャープ","AC--4FE2"
"シャープ","AC--4FX"
"シャープ","AC--4FX2"
"シャープ","AC--5FD"
"シャープ","AC--5FD2"
"シャープ","AC--5FE"
"シャープ","AC--5FE2"
"シャープ","AC--5FX"
"シャープ","AC--5FX2"
"シャープ","AC--6FE"
"シャープ","AC--6FE2"
"シャープ","AC--6FT"
"シャープ","AC--6FT2"
"シャープ","AC--6FX"
"シャープ","AC--6FX2"
"シャープ","AC--7FE"
"シャープ","AC--7FE2"
"シャープ","AC--7FT"
"シャープ","AC--7FT2"
"シャープ","AC--7FX"
"シャープ","AC--7FX2"
"シャープ","AC--7HE"
"シャープ","AC--7HE2"
"シャープ","AC--7HX"
"シャープ","AC--7HX2"
"シャープ","AC--7TN"
"シャープ","AC--7TN2"
"シャープ","AC--8FE"
"シャープ","AC--8FE2"
"シャープ","AC--8FT"
"シャープ","AC--8FT2"
"シャープ","AC--8FV"
"シャープ","AC--8FV2"
"シャープ","AC--8HT"
"シャープ","AC--8HT2"
"シャープ","AC--8HV"
"シャープ","AC--8HV2"
"シャープ","AC--8TN"
"シャープ","AC--8TN2"
"シャープ","AC-4FD"
"シャープ","JH-D-6J2"
"三菱重工","SFM--9KR"
"三菱重工","SFM-9KR"
"三菱重工","SKM--BKZ"
"三菱重工","SKM--ME2"
"三菱重工","SKM--MH2"
"三菱重工","SKM--N2"
"三菱重工","SKM--SN2"
"三菱重工","SKP--BKZ"
"三菱重工","SKP--ME2"
"三菱重工","SKP--MH2"
"三菱重工","SRK--8C"
"三菱重工","SRK--9AV"
"三菱重工","SRK--9C"
"三菱重工","SRK--9KR"
"三菱重工","SRK--9KRL"
"三菱重工","SRK--9R"
"三菱重工","SRK--9RV"
"三菱重工","SRK--LC2"
"三菱重工","SRK--PC"
"三菱重工","SRK--PCV"
"三菱重工","SRK--PD"
"三菱重工","SRK--PE"
"三菱重工","SRK--RK"
"三菱重工","SRK--RK2"
"三菱重工","SRK--RL"
"三菱重工","SRK--RL2"
"三菱重工","SRK--RM"
"三菱重工","SRK--RM2"
"三菱重工","SRK--RM2A"
"三菱重工","SRK--RMA"
"三菱重工","SRK--RN"
"三菱重工","SRK--RN2"
"三菱重工","SRK--RP"
"三菱重工","SRK--RP2"
"三菱重工","SRK--RP2A"
"三菱重工","SRK--RPA"
"三菱重工","SRK--RR"
"三菱重工","SRK--RR2"
"三菱重工","SRK--RS"
"三菱重工","SRK--RS2"
"三菱重工","SRK--RSM"
"三菱重工","SRK--RSM2"
"三菱重工","SRK--RSN"
"三菱重工","SRK--RSN2"
"三菱重工","SRK--RT"
"三菱重工","SRK--RT2"
"三菱重工","SRK--RV"
"三菱重工","SRK--RV2"
"三菱重工","SRK--RW"
"三菱重工","SRK--RW2"
"三菱重工","SRK--RX"
"三菱重工","SRK--RX2"
"三菱重工","SRK--SC"
"三菱重工","SRK--SC2"
"三菱重工","SRK--SD"
"三菱重工","SRK--SD2"
"三菱重工","SRK--SE"
"三菱重工","SRK--SE2"
"三菱重工","SRK--SF"
"三菱重工","SRK--SF2"
"三菱重工","SRK--SG"
"三菱重工","SRK--SG2"
"三菱重工","SRK--SH"
"三菱重工","SRK--SH2"
"三菱重工","SRK--SI"
"三菱重工","SRK--SI2"
"三菱重工","SRK--SJ"
"三菱重工","SRK--SJ2"
"三菱重工","SRK--SK"
"三菱重工","SRK--SK2"
"三菱重工","SRK--SL"
"三菱重工","SRK--SL2"
"三菱重工","SRK--SLA2"
"三菱重工","SRK--SP"
"三菱重工","SRK--SP2"
"三菱重工","SRK--SR"
"三菱重工","SRK--SR2"
"三菱重工","SRK--SS"
"三菱重工","SRK--SS2"
"三菱重工","SRK--SSC"
"三菱重工","SRK--ST"
"三菱重工","SRK--ST2"
"三菱重工","SRK--SV"
"三菱重工","SRK--SV2"
"三菱重工","SRK--SW"
"三菱重工","SRK--SW2"
"三菱重工","SRK--SX"
"三菱重工","SRK--SX2"
"三菱重工","SRK--TC"
"三菱重工","SRK--TD"
"三菱重工","SRK--TD2"
"三菱重工","SRK--TE"
"三菱重工","SRK--TE2"
"三菱重工","SRK--TK"
"三菱重工","SRK--TK2"
"三菱重工","SRK--TK2J"
"三菱重工","SRK--TKJ"
"三菱重工","SRK--TL"
"三菱重工","SRK--TL2"
"三菱重工","SRK--TL2T"
"三菱重工","SRK--TLN"
"三菱重工","SRK--TLT"
"三菱重工","SRK--TM"
"三菱重工","SRK--TM2"
"三菱重工","SRK--TM2T"
"三菱重工","SRK--TMN"
"三菱重工","SRK--TMT"
"三菱重工","SRK--TN"
"三菱重工","SRK--TN2"
"三菱重工","SRK--TN2T"
"三菱重工","SRK--TNN"
"三菱重工","SRK--TNT"
"三菱重工","SRK--TP"
"三菱重工","SRK--TP2"
"三菱重工","SRK--TP2T"
"三菱重工","SRK--TPN"
"三菱重工","SRK--TPT"
"三菱重工","SRK--TR"
"三菱重工","SRK--TR2"
"三菱重工","SRK--TR2T"
"三菱重工","SRK--TRN"
"三菱重工","SRK--TRT"
"三菱重工","SRK--TS"
"三菱重工","SRK--TS2"
"三菱重工","SRK--TS2T"
"三菱重工","SRK--TSN"
"三菱重工","SRK--TST"
"三菱重工","SRK--TT"
"三菱重工","SRK--TT2"
"三菱重工","SRK--TV"
"三菱重工","SRK--TV2"
"三菱重工","SRK--TW"
"三菱重工","SRK--TW2"
"三菱重工","SRK--TX"
"三菱重工","SRK--TX2"
"三菱重工","SRK--ZC"
"三菱重工","SRK--ZC2"
"三菱重工","SRK--ZD"
"三菱重工","SRK--ZE"
"三菱重工","SRK--ZF"
"三菱重工","SRK--ZF2"
"三菱重工","SRK--ZG"
"三菱重工","SRK--ZG2"
"三菱重工","SRK--ZG2V"
"三菱重工","SRK--ZGV"
"三菱重工","SRK--ZH"
"三菱重工","SRK--ZH2"
"三菱重工","SRK--ZI"
"三菱重工","SRK--ZI2"
"三菱重工","SRK--ZJ"
"三菱重工","SRK--ZJ2"
"三菱重工","SRK-R-E8M"
"三菱重工","SRK-R-E8M2"
"三菱重工","SRK-S-E6W"
"三菱重工","SRK-S-E6W2"
"三菱重工","SRK-S-E7L"
"三菱重工","SRK-S-E7L2"
"三菱重工","SRK-S-E7X"
"三菱重工","SRK-S-E7X2"
"三菱重工","SRK-T-E1P"
"三菱重工","SRK-T-E1P2"
"三菱重工","SRK-T-E2R"
"三菱重工","SRK-T-E2R2"
"三菱重工","SRK-T-E3S"
"三菱重工","SRK-T-E3S2"
"三菱重工","SRK-T-E4T"
"三菱重工","SRK-T-E4T2"
"三菱重工","SRK-T-E5V"
"三菱重工","SRK-T-E5V2"
"三菱重工","SRK-T-E6W"
"三菱重工","SRK-T-E6W2"
"三菱重工","SRK-T-E7L"
"三菱重工","SRK-T-E7L2"
"三菱重工","SRK-T-E7X"
"三菱重工","SRK-T-E7X2"
"三菱重工","SRK-T-E8M"
"三菱重工","SRK-T-E8M2"
"三菱重工","SRK-T-E9N"
"三菱重工","SRK-T-E9N2"
"三菱重工","SRR--9KRZ"
"三菱重工","SRR-M-9KR"
"三菱重工","SRT--AKF"
"三菱重工","SRT--ME2"
"三菱重工","SRT--MH2"
"三菱重工","SRT--N2"
"三菱重工","SRT-W-9KRZ"
"三菱重工","SRT-W-ME2"
"三菱重工","SRT-W-MH2"
"三菱重工","SRT-W-N2"
"三菱重工","STM--BKZ"
"三菱重工","STM--ME2"
"三菱重工","STM--MH2"
"三菱重工","STM-W-9KR"
"三菱重工","STP--ME2"
"三菱重工","STP--MH2"
"三菱電機","MSZ-AP"
"三菱電機","MSZ-EF"
"三菱電機","MSZ-FX"
"三菱電機","MSZ-FY"
"三菱電機","MSZ-LN"
"三菱電機","MSZ-LX"
"三菱電機","MSZ-LY"
"三菱電機","PLZ-Z"
"三菱電機","PEAD-"
"三菱電機","PKZ-"
"三菱重工","SRK"
"三菱重工","SRC"
"三菱重工","SRT"
"三菱重工","SRK-Z"
"三菱重工","SRC-Z"
"三菱重工","SRK22"
"三菱重工","SRK25"
"三菱重工","SRK28"
"三菱重工","SRK35"
"三菱重工","SRK40"
"三菱重工","SRK50"
"三菱重工","SRK56"
"三菱重工","SRK63"
"三菱重工","SRK71"
"三菱重工","SRK80"
"三菱重工","SRK90"
"三菱重工","SRC22"
"三菱重工","SRC25"
"三菱重工","SRC28"
"三菱重工","SRC35"
"三菱重工","SRC40"
"三菱重工","SRC50"
"三菱重工","SRC56"
"三菱重工","SRC63"
"三菱重工","SRC71"
"三菱重工","SRC80"
"三菱重工","SRC90"
"ダイキン","AJT"
"ダイキン","ANC"
"ダイキン","ATA"
"ダイキン","ATC"
"ダイキン","ATD"
"ダイキン","ATE"
"ダイキン","ATN"
"ダイキン","ATP"
"ダイキン","ATR"
"ダイキン","ATS"
"ダイキン","ATUX"
"ダイキン","FAP"
"ダイキン","FARP"
"ダイキン","FAYJ"
"ダイキン","FAYP"
"ダイキン","FAYRP"
"ダイキン","FBP"
"ダイキン","FGEAP"
"ダイキン","FGEVP"
"ダイキン","FHBP"
"ダイキン","FHCP"
"ダイキン","FHCXP"
"ダイキン","FHGP"
"ダイキン","FHKP"
"ダイキン","FHMHP"
"ダイキン","FHMP"
"ダイキン","FHNP"
"ダイキン","FHP"
"ダイキン","FHTP"
"ダイキン","FHYBJ"
"ダイキン","FHYCP"
"ダイキン","FHYMP"
"ダイキン","FHYP"
"ダイキン","FNYAJ"
"ダイキン","FUP"
"ダイキン","FUYP"
"ダイキン","FVP"
"ダイキン","FVYCP"
"ダイキン","FXUP"
"ダイキン","FXYAJ"
"ダイキン","FXYAP"
"ダイキン","FXYCP"
"ダイキン","FXYDP"
"ダイキン","FXYEP"
"ダイキン","FXYFP"
"ダイキン","FXYHP"
"ダイキン","FXYKP"
"ダイキン","FXYMP"
"ダイキン","FXYSP"
"ダイキン","FXYTP"
"ダイキン","RTJ"
"ダイキン","RTYJ"
"ダイキン","RTZYJ"
"ダイキン","RZYP"
"ダイキン","SDH"
"ダイキン","SSD"
"ダイキン","SVYCP"
"ダイキン","SZVCP"
"ダイキン","SZVYCP"
"ダイキン","UAV"
"ダイキン","UAVP"
"パナソニック","CS-"
"パナソニック","CSX-"
"パナソニック","CSV-"
"日立","RAP-"
"日立","RAD-"
"富士通","AOU-"
"富士通","AOU-X"
"富士通","AOU-22"
"富士通","AOU-25"
"富士通","AOU-28"
"富士通","AOU-35"
"富士通","AOU-40"
"富士通","AOU-50"
"富士通","AOU-56"
"富士通","AOU-63"
"富士通","AOU-71"
"富士通","AOU-80"
"富士通","AOU-90"